Date,Open,High,Low,Close,Volume
2023-09-15T07:00:00Z,26576.01,26594.83,26550.99,26565.69,1018.40995
2023-09-15T08:00:00Z,26565.69,26637.08,26540.61,26633.41,789.07818
2023-09-15T09:00:00Z,26633.41,26690.0,26578.53,26613.78,1041.26404
2023-09-15T10:00:00Z,26613.78,26657.84,26597.12,26639.64,823.92225
2023-09-15T11:00:00Z,26639.64,26639.65,26375.01,26425.16,2270.58046
2023-09-15T12:00:00Z,26425.17,26470.73,26334.13,26364.66,1770.64466
2023-09-15T13:00:00Z,26364.67,26526.99,26362.42,26364.97,1483.77917
2023-09-15T14:00:00Z,26364.97,26416.89,26224.0,26238.14,2438.38332
2023-09-15T15:00:00Z,26238.13,26329.6,26225.54,26321.21,1113.08223
2023-09-15T16:00:00Z,26321.2,26388.36,26315.02,26379.97,874.87456
2023-09-15T17:00:00Z,26379.97,26379.97,26317.01,26338.5,620.58967
2023-09-15T18:00:00Z,26338.51,26405.44,26331.97,26347.38,661.29286
2023-09-15T19:00:00Z,26347.39,26444.45,26340.68,26397.38,692.60274
2023-09-15T20:00:00Z,26397.38,26444.1,26373.21,26415.78,620.12776
2023-09-15T21:00:00Z,26415.78,26506.26,26415.77,26469.14,977.53111
2023-09-15T22:00:00Z,26469.14,26847.72,26469.13,26776.31,2463.14395
2023-09-15T23:00:00Z,26776.32,26888.0,26591.73,26600.0,1864.23816
2023-09-16T00:00:00Z,26599.99,26672.41,26571.42,26630.17,1000.96505
2023-09-16T01:00:00Z,26630.17,26694.18,26594.2,26653.31,599.9591
2023-09-16T02:00:00Z,26653.3,26777.0,26653.3,26675.01,1102.15987
2023-09-16T03:00:00Z,26675.01,26700.0,26604.75,26616.43,641.40577
2023-09-16T04:00:00Z,26616.44,26621.36,26539.89,26555.28,937.49494
2023-09-16T05:00:00Z,26555.28,26583.29,26515.0,26537.76,742.59541
2023-09-16T06:00:00Z,26537.76,26537.77,26467.45,26487.38,756.07381
2023-09-16T07:00:00Z,26487.39,26509.99,26480.0,26494.5,469.92696
2023-09-16T08:00:00Z,26494.5,26536.35,26470.91,26508.08,575.53975
2023-09-16T09:00:00Z,26508.07,26581.98,26499.73,26501.44,630.14045
2023-09-16T10:00:00Z,26501.44,26545.19,26445.0,26545.18,708.39792
2023-09-16T11:00:00Z,26545.18,26550.0,26485.15,26524.09,492.48218
2023-09-16T12:00:00Z,26524.08,26576.38,26500.32,26550.68,485.2958
2023-09-16T13:00:00Z,26550.69,26570.65,26516.83,26550.65,442.155
2023-09-16T14:00:00Z,26550.66,26560.16,26490.31,26500.61,726.47828
2023-09-16T15:00:00Z,26500.61,26537.69,26481.87,26507.12,479.50654
2023-09-16T16:00:00Z,26507.12,26530.24,26496.14,26527.19,458.47009
2023-09-16T17:00:00Z,26527.18,26622.22,26512.74,26566.98,704.27077
2023-09-16T18:00:00Z,26566.98,26622.15,26554.99,26581.25,506.31661
2023-09-16T19:00:00Z,26581.26,26582.91,26505.4,26532.8,380.62449
2023-09-16T20:00:00Z,26532.79,26562.63,26526.18,26527.41,216.94597
2023-09-16T21:00:00Z,26527.41,26579.99,26526.15,26570.01,362.34955
2023-09-16T22:00:00Z,26570.01,26573.89,26560.0,26560.01,206.03375
2023-09-16T23:00:00Z,26560.0,26571.87,26507.0,26559.67,335.34545
2023-09-17T00:00:00Z,26559.67,26559.68,26434.05,26468.67,815.15616
2023-09-17T01:00:00Z,26468.67,26515.17,26416.16,26496.35,876.35447
2023-09-17T02:00:00Z,26496.34,26530.07,26490.89,26502.51,680.26478
2023-09-17T03:00:00Z,26502.5,26535.24,26499.76,26529.25,338.56018
2023-09-17T04:00:00Z,26529.25,26570.0,26508.96,26552.85,374.99717
2023-09-17T05:00:00Z,26552.85,26560.0,26520.0,26543.79,366.37742
2023-09-17T06:00:00Z,26543.79,26545.98,26524.37,26545.41,331.31515
2023-09-17T07:00:00Z,26545.42,26547.37,26490.88,26495.93,453.31523
2023-09-17T08:00:00Z,26495.94,26553.99,26493.13,26551.14,618.88472
2023-09-17T09:00:00Z,26551.15,26582.05,26542.07,26578.69,583.28374
2023-09-17T10:00:00Z,26578.7,26611.98,26568.73,26597.73,595.20169
2023-09-17T11:00:00Z,26597.73,26623.25,26566.67,26566.67,555.77029
2023-09-17T12:00:00Z,26566.68,26583.46,26557.04,26576.85,277.29565
2023-09-17T13:00:00Z,26576.86,26576.86,26527.4,26543.94,496.60463
2023-09-17T14:00:00Z,26543.94,26589.19,26525.28,26538.87,382.37673
2023-09-17T15:00:00Z,26538.87,26600.0,26538.47,26549.98,1043.43672
2023-09-17T16:00:00Z,26549.98,26551.0,26491.0,26511.23,500.09425
2023-09-17T17:00:00Z,26511.23,26531.16,26480.0,26480.0,649.12957
2023-09-17T18:00:00Z,26480.01,26518.78,26464.64,26494.76,385.30363
2023-09-17T19:00:00Z,26494.76,26520.76,26490.53,26505.15,324.87648
2023-09-17T20:00:00Z,26505.14,26505.15,26422.0,26436.35,871.19944
2023-09-17T21:00:00Z,26436.34,26497.53,26399.0,26484.92,659.78454
2023-09-17T22:00:00Z,26484.91,26492.0,26438.61,26491.99,366.32377
2023-09-17T23:00:00Z,26491.99,26534.09,26450.0,26527.51,452.19636
2023-09-18T00:00:00Z,26527.5,26553.56,26377.35,26462.41,1309.71738
2023-09-18T01:00:00Z,26462.4,26489.38,26442.83,26462.63,609.12709
2023-09-18T02:00:00Z,26462.63,26750.0,26458.63,26663.12,2355.01586
2023-09-18T03:00:00Z,26663.12,26688.0,26581.71,26658.66,896.75458
2023-09-18T04:00:00Z,26658.66,26680.0,26567.09,26621.75,728.92638
2023-09-18T05:00:00Z,26621.76,26680.0,26605.32,26647.45,542.54316
2023-09-18T06:00:00Z,26647.45,26699.07,26622.77,26622.83,504.25396
2023-09-18T07:00:00Z,26622.82,26800.0,26622.82,26710.67,1188.27065
2023-09-18T08:00:00Z,26710.67,26729.6,26684.02,26724.8,891.42598
2023-09-18T09:00:00Z,26724.8,26945.55,26724.8,26872.31,3059.79018
2023-09-18T10:00:00Z,26872.3,27189.22,26872.3,27129.11,4525.04735
2023-09-18T11:00:00Z,27129.12,27240.0,27100.0,27196.98,2490.70161
2023-09-18T12:00:00Z,27196.98,27406.73,27151.0,27371.35,4004.19733
2023-09-18T13:00:00Z,27371.36,27409.0,27203.0,27255.21,2913.79309
2023-09-18T14:00:00Z,27255.22,27292.68,27130.0,27260.46,1940.5884
2023-09-18T15:00:00Z,27260.46,27357.0,27253.08,27269.42,1484.55823
2023-09-18T16:00:00Z,27269.43,27310.0,27197.89,27246.0,1481.83873
2023-09-18T17:00:00Z,27245.99,27268.52,26669.94,26760.49,5461.07452
2023-09-18T18:00:00Z,26760.48,26842.93,26631.0,26710.0,2274.88146
2023-09-18T19:00:00Z,26710.0,26943.83,26680.92,26814.79,1488.80603
2023-09-18T20:00:00Z,26814.78,26841.63,26736.13,26765.95,881.90908
2023-09-18T21:00:00Z,26765.95,26846.76,26732.23,26839.13,550.79891
2023-09-18T22:00:00Z,26839.13,26881.45,26782.95,26872.13,642.11806
2023-09-18T23:00:00Z,26872.12,26872.13,26728.0,26762.51,774.29454
2023-09-19T00:00:00Z,26762.5,26787.56,26667.79,26677.12,1186.29092
2023-09-19T01:00:00Z,26677.12,26734.77,26669.91,26699.99,597.71964
2023-09-19T02:00:00Z,26700.0,26821.58,26684.79,26821.57,683.77607
2023-09-19T03:00:00Z,26821.58,26840.67,26787.37,26818.42,646.04365
2023-09-19T04:00:00Z,26818.41,26860.0,26807.19,26859.9,453.86628
2023-09-19T05:00:00Z,26859.9,26859.91,26793.77,26796.26,556.40839
2023-09-19T06:00:00Z,26796.26,26830.0,26750.88,26829.86,514.3947
2023-09-19T07:00:00Z,26829.86,26874.73,26814.94,26847.21,915.23514
2023-09-19T08:00:00Z,26847.21,27077.35,26847.21,27066.74,2054.66624
2023-09-19T09:00:00Z,27066.74,27466.0,27027.7,27288.96,3865.39039
2023-09-19T10:00:00Z,27288.95,27314.7,27050.02,27170.73,2268.6493
2023-09-19T11:00:00Z,27170.73,27240.0,27092.83,27237.56,1438.08545
2023-09-19T12:00:00Z,27237.57,27288.0,27072.56,27139.15,2264.81642
2023-09-19T13:00:00Z,27139.16,27210.01,26917.84,26968.77,2498.63036
2023-09-19T14:00:00Z,26968.78,27200.0,26881.37,27169.0,2428.9703
2023-09-19T15:00:00Z,27169.0,27480.0,27138.08,27422.24,4344.4129
2023-09-19T16:00:00Z,27422.24,27483.57,27236.52,27285.72,2124.01253
2023-09-19T17:00:00Z,27285.71,27289.38,27079.68,27133.88,2100.58803
2023-09-19T18:00:00Z,27133.88,27199.48,27080.0,27123.01,1649.93809
2023-09-19T19:00:00Z,27123.02,27204.99,27069.9,27185.44,763.52279
2023-09-19T20:00:00Z,27185.43,27212.5,27115.7,27183.67,822.90623
2023-09-19T21:00:00Z,27183.67,27185.0,26990.01,27157.97,1083.35569
2023-09-19T22:00:00Z,27157.98,27199.0,27091.53,27189.46,473.92696
2023-09-19T23:00:00Z,27189.45,27222.81,27173.64,27210.26,454.9154
2023-09-20T00:00:00Z,27210.25,27257.85,27146.01,27206.68,760.78463
2023-09-20T01:00:00Z,27206.69,27349.91,27194.64,27345.77,979.51779
2023-09-20T02:00:00Z,27345.77,27388.63,27140.89,27165.48,1415.00781
2023-09-20T03:00:00Z,27165.48,27202.67,27085.0,27119.48,1363.27194
2023-09-20T04:00:00Z,27119.48,27159.91,27070.0,27071.8,928.3628
2023-09-20T05:00:00Z,27071.79,27106.1,27007.0,27025.0,1029.77196
2023-09-20T06:00:00Z,27024.99,27075.39,26936.79,27064.07,1946.45087
2023-09-20T07:00:00Z,27064.06,27142.03,27045.58,27105.62,1092.57166
2023-09-20T08:00:00Z,27105.61,27197.66,27092.39,27188.4,1060.01982
2023-09-20T09:00:00Z,27188.4,27195.0,26950.83,27055.38,2017.46671
2023-09-20T10:00:00Z,27055.38,27081.32,26950.0,27081.31,1449.74564
2023-09-20T11:00:00Z,27081.31,27119.06,27061.22,27098.08,722.77564
2023-09-20T12:00:00Z,27098.07,27130.0,26997.94,27068.28,1293.91664
2023-09-20T13:00:00Z,27068.29,27199.31,27014.32,27160.09,1490.73126
2023-09-20T14:00:00Z,27160.1,27237.87,27051.23,27124.99,2308.96714
2023-09-20T15:00:00Z,27125.0,27199.0,27101.38,27180.63,1142.66083
2023-09-20T16:00:00Z,27180.62,27225.0,27140.05,27161.15,1046.9906
2023-09-20T17:00:00Z,27161.14,27277.36,27155.64,27195.12,1316.64158
2023-09-20T18:00:00Z,27195.13,27300.0,27079.38,27165.0,2906.08791
2023-09-20T19:00:00Z,27165.0,27187.19,26800.0,26930.61,3708.89251
2023-09-20T20:00:00Z,26930.62,27098.73,26921.7,27098.73,1049.58268
2023-09-20T21:00:00Z,27098.73,27241.31,27061.64,27111.16,1515.99406
2023-09-20T22:00:00Z,27111.16,27123.46,27051.22,27095.93,1022.17493
2023-09-20T23:00:00Z,27095.93,27155.59,27078.59,27125.0,638.83126
2023-09-21T00:00:00Z,27125.01,27159.6,27044.8,27046.33,1014.33034
2023-09-21T01:00:00Z,27046.32,27052.59,26979.28,27029.54,1126.11691
2023-09-21T02:00:00Z,27029.55,27056.21,26936.66,26970.79,959.0236
2023-09-21T03:00:00Z,26970.78,27035.44,26965.68,27035.0,614.61382
2023-09-21T04:00:00Z,27034.99,27103.17,26991.06,27093.24,760.67327
2023-09-21T05:00:00Z,27093.24,27096.36,27032.55,27071.02,534.97208
2023-09-21T06:00:00Z,27071.03,27073.09,27005.0,27070.0,681.75513
2023-09-21T07:00:00Z,27070.0,27070.09,26979.92,26990.11,916.55381
2023-09-21T08:00:00Z,26990.11,27017.0,26905.67,26926.74,1181.03573
2023-09-21T09:00:00Z,26926.75,26942.53,26689.84,26747.3,2863.2313
2023-09-21T10:00:00Z,26747.3,26799.6,26635.37,26649.89,2590.02262
2023-09-21T11:00:00Z,26649.9,26792.65,26618.9,26730.78,1616.89197
2023-09-21T12:00:00Z,26730.77,26776.98,26559.01,26642.32,3116.80714
2023-09-21T13:00:00Z,26642.33,26655.0,26380.0,26419.86,4656.37053
2023-09-21T14:00:00Z,26419.87,26599.0,26377.7,26582.5,3384.5387
2023-09-21T15:00:00Z,26582.5,26659.12,26541.21,26584.02,1868.81687
2023-09-21T16:00:00Z,26584.01,26603.0,26545.82,26583.82,1243.35149
2023-09-21T17:00:00Z,26583.81,26696.6,26577.96,26651.55,1278.86864
2023-09-21T18:00:00Z,26651.56,26687.35,26602.5,26606.44,729.45789
2023-09-21T19:00:00Z,26606.43,26623.07,26555.68,26599.95,1027.56851
2023-09-21T20:00:00Z,26599.95,26606.64,26497.94,26594.26,861.01392
2023-09-21T21:00:00Z,26594.27,26621.57,26560.82,26613.67,509.59133
2023-09-21T22:00:00Z,26613.68,26617.28,26550.0,26590.06,512.38379
2023-09-21T23:00:00Z,26590.06,26617.58,26556.97,26568.08,428.83723
2023-09-22T00:00:00Z,26568.08,26649.99,26468.77,26643.38,1352.06396
2023-09-22T01:00:00Z,26643.37,26670.13,26566.48,26630.22,837.0326
2023-09-22T02:00:00Z,26630.22,26644.77,26564.94,26567.66,688.75908
2023-09-22T03:00:00Z,26567.65,26640.0,26550.65,26627.77,575.55074
2023-09-22T04:00:00Z,26627.77,26661.42,26619.66,26647.69,500.03695
2023-09-22T05:00:00Z,26647.7,26670.15,26609.13,26666.23,644.59341
2023-09-22T06:00:00Z,26666.23,26686.04,26601.5,26619.99,704.30696
2023-09-22T07:00:00Z,26619.99,26705.46,26573.93,26674.8,1127.12217
2023-09-22T08:00:00Z,26674.8,26743.38,26665.27,26672.82,1136.8582
2023-09-22T09:00:00Z,26672.82,26673.98,26620.41,26635.84,679.52565
2023-09-22T10:00:00Z,26635.84,26656.59,26590.0,26591.81,826.40842
2023-09-22T11:00:00Z,26591.81,26650.57,26591.8,26640.26,477.61451
2023-09-22T12:00:00Z,26640.26,26653.12,26580.63,26585.71,528.94966
2023-09-22T13:00:00Z,26585.72,26620.0,26556.6,26609.99,1127.20826
2023-09-22T14:00:00Z,26610.0,26691.91,26590.0,26679.08,1478.08964
2023-09-22T15:00:00Z,26679.09,26698.29,26629.13,26631.01,772.45785
2023-09-22T16:00:00Z,26631.01,26644.98,26580.0,26597.89,671.75083
2023-09-22T17:00:00Z,26597.89,26628.71,26531.01,26576.22,833.729
2023-09-22T18:00:00Z,26576.22,26607.58,26538.73,26593.65,601.38596
2023-09-22T19:00:00Z,26593.66,26635.73,26532.24,26540.1,553.03641
2023-09-22T20:00:00Z,26540.1,26565.69,26511.0,26539.06,488.60142
2023-09-22T21:00:00Z,26539.06,26575.58,26488.0,26569.07,644.89009
2023-09-22T22:00:00Z,26569.07,26585.85,26545.17,26584.41,414.57692
2023-09-22T23:00:00Z,26584.4,26597.96,26550.38,26580.14,533.68051
2023-09-23T00:00:00Z,26580.14,26614.98,26570.31,26603.1,572.20613
2023-09-23T01:00:00Z,26603.11,26603.11,26559.37,26579.99,301.01735
2023-09-23T02:00:00Z,26579.99,26583.31,26545.0,26545.57,428.32533
2023-09-23T03:00:00Z,26545.56,26561.58,26524.59,26532.2,437.99893
2023-09-23T04:00:00Z,26532.21,26554.06,26509.0,26550.17,292.05232
2023-09-23T05:00:00Z,26550.16,26555.0,26541.81,26542.46,287.72122
2023-09-23T06:00:00Z,26542.46,26582.61,26542.45,26582.61,796.55432
2023-09-23T07:00:00Z,26582.61,26586.75,26541.67,26585.31,421.66031
2023-09-23T08:00:00Z,26585.32,26594.78,26554.49,26573.6,378.68088
2023-09-23T09:00:00Z,26573.59,26580.16,26555.0,26573.87,305.66171
2023-09-23T10:00:00Z,26573.88,26581.9,26567.25,26567.26,306.13105
2023-09-23T11:00:00Z,26567.26,26575.21,26556.74,26575.21,246.20115
2023-09-23T12:00:00Z,26575.21,26588.5,26559.5,26574.99,358.66107
2023-09-23T13:00:00Z,26574.99,26583.66,26556.74,26575.13,367.59605
2023-09-23T14:00:00Z,26575.13,26577.73,26557.36,26566.83,554.69785
2023-09-23T15:00:00Z,26566.83,26585.06,26546.2,26581.55,733.8248
2023-09-23T16:00:00Z,26581.55,26608.18,26559.83,26606.31,487.27283
2023-09-23T17:00:00Z,26606.31,26610.0,26574.71,26598.31,398.4923
2023-09-23T18:00:00Z,26598.31,26632.81,26598.31,26615.3,482.96541
2023-09-23T19:00:00Z,26615.29,26617.05,26597.01,26610.09,230.89255
2023-09-23T20:00:00Z,26610.09,26612.61,26581.91,26587.75,226.6768
2023-09-23T21:00:00Z,26587.75,26594.26,26561.38,26568.8,301.58676
2023-09-23T22:00:00Z,26568.8,26580.82,26561.01,26562.2,283.1339
2023-09-23T23:00:00Z,26562.2,26575.97,26558.07,26575.96,240.69158
2023-09-24T00:00:00Z,26575.97,26584.32,26560.84,26567.07,262.00685
2023-09-24T01:00:00Z,26567.07,26588.15,26558.85,26584.4,212.34139
2023-09-24T02:00:00Z,26584.41,26590.01,26577.56,26586.05,254.65824
2023-09-24T03:00:00Z,26586.05,26586.06,26565.19,26570.93,148.31819
2023-09-24T04:00:00Z,26570.93,26573.7,26555.48,26569.77,223.888
2023-09-24T05:00:00Z,26569.77,26570.77,26550.0,26557.99,613.86001
2023-09-24T06:00:00Z,26557.99,26561.85,26549.31,26553.1,338.63983
2023-09-24T07:00:00Z,26553.1,26563.44,26550.25,26563.44,392.12627
2023-09-24T08:00:00Z,26563.43,26590.01,26563.43,26590.0,313.5714
2023-09-24T09:00:00Z,26590.0,26611.8,26581.82,26589.08,462.16239
2023-09-24T10:00:00Z,26589.08,26590.22,26574.91,26579.78,232.26972
2023-09-24T11:00:00Z,26579.78,26605.22,26579.78,26596.71,418.11142
2023-09-24T12:00:00Z,26596.71,26610.84,26585.9,26606.54,421.62039
2023-09-24T13:00:00Z,26606.55,26628.8,26586.73,26588.77,386.21848
2023-09-24T14:00:00Z,26588.76,26592.06,26573.14,26588.1,450.37517
2023-09-24T15:00:00Z,26588.09,26592.56,26563.8,26578.06,424.60541
2023-09-24T16:00:00Z,26578.06,26581.04,26563.17,26573.1,320.10595
2023-09-24T17:00:00Z,26573.1,26719.63,26567.01,26673.07,971.69624
2023-09-24T18:00:00Z,26673.07,26738.54,26423.97,26591.85,2819.44499
2023-09-24T19:00:00Z,26591.84,26591.85,26335.81,26449.17,2074.17246
2023-09-24T20:00:00Z,26449.18,26511.95,26400.81,26502.0,796.18453
2023-09-24T21:00:00Z,26502.01,26521.67,26450.0,26519.35,432.60175
2023-09-24T22:00:00Z,26519.35,26519.36,26472.52,26490.85,325.59375
2023-09-24T23:00:00Z,26490.84,26490.85,26122.08,26248.38,2412.08488
2023-09-25T00:00:00Z,26248.39,26248.39,26000.0,26248.17,3081.90178
2023-09-25T01:00:00Z,26248.16,26343.1,26163.0,26164.01,1647.04468
2023-09-25T02:00:00Z,26164.0,26252.8,26156.97,26207.39,882.55101
2023-09-25T03:00:00Z,26207.39,26238.85,26154.95,26157.45,601.68644
2023-09-25T04:00:00Z,26157.44,26195.44,26112.88,26149.06,602.04205
2023-09-25T05:00:00Z,26149.07,26151.5,26077.0,26113.81,723.75469
2023-09-25T06:00:00Z,26113.81,26172.08,26040.12,26138.01,1053.40467
2023-09-25T07:00:00Z,26138.0,26192.28,26104.41,26189.21,788.29313
2023-09-25T08:00:00Z,26189.21,26233.43,26110.0,26142.99,862.04414
2023-09-25T09:00:00Z,26142.99,26146.46,26048.95,26063.09,1054.84136
2023-09-25T10:00:00Z,26063.08,26116.23,26051.01,26094.81,721.01557
2023-09-25T11:00:00Z,26094.8,26110.37,26020.01,26075.41,887.9157
2023-09-25T12:00:00Z,26075.4,26118.99,25990.46,26103.57,1440.23887
2023-09-25T13:00:00Z,26103.58,26190.91,26087.94,26161.62,1359.92707
2023-09-25T14:00:00Z,26161.62,26180.49,26116.93,26133.9,939.28877
2023-09-25T15:00:00Z,26133.89,26300.0,26133.89,26243.72,1709.30587
2023-09-25T16:00:00Z,26243.73,26425.63,26243.72,26324.78,2219.03348
2023-09-25T17:00:00Z,26324.77,26375.87,26222.32,26358.41,1671.84321
2023-09-25T18:00:00Z,26358.41,26389.09,26315.58,26331.58,883.54843
2023-09-25T19:00:00Z,26331.58,26352.94,26269.59,26331.83,900.19334
2023-09-25T20:00:00Z,26331.84,26446.15,26282.27,26287.56,1146.0385
2023-09-25T21:00:00Z,26287.56,26312.79,26263.83,26279.61,469.87729
2023-09-25T22:00:00Z,26279.61,26292.68,26270.0,26281.85,302.42036
2023-09-25T23:00:00Z,26281.85,26316.27,26270.0,26304.81,317.99349
2023-09-26T00:00:00Z,26304.8,26307.73,26250.0,26266.0,540.39368
2023-09-26T01:00:00Z,26266.01,26299.74,26234.37,26297.6,637.68208
2023-09-26T02:00:00Z,26297.6,26360.0,26285.0,26357.14,564.22017
2023-09-26T03:00:00Z,26357.14,26397.46,26345.28,26353.87,879.93385
2023-09-26T04:00:00Z,26353.87,26363.84,26330.41,26344.67,355.9899
2023-09-26T05:00:00Z,26344.67,26349.34,26307.67,26320.9,436.74697
2023-09-26T06:00:00Z,26320.91,26339.06,26270.32,26292.9,569.54257
2023-09-26T07:00:00Z,26292.9,26292.9,26253.64,26272.01,574.16945
2023-09-26T08:00:00Z,26272.0,26285.54,26255.0,26274.29,566.23464
2023-09-26T09:00:00Z,26274.28,26334.75,26226.54,26272.07,950.20846
2023-09-26T10:00:00Z,26272.07,26278.03,26225.63,26249.77,652.32922
2023-09-26T11:00:00Z,26249.77,26288.98,26188.26,26273.83,954.78078
2023-09-26T12:00:00Z,26273.82,26306.39,26200.0,26213.19,885.95722
2023-09-26T13:00:00Z,26213.18,26257.49,26142.07,26181.55,1449.11676
2023-09-26T14:00:00Z,26181.55,26214.99,26120.11,26196.39,1369.17578
2023-09-26T15:00:00Z,26196.4,26204.22,26088.34,26126.66,1249.02068
2023-09-26T16:00:00Z,26126.66,26295.99,26115.0,26217.95,1277.50923
2023-09-26T17:00:00Z,26217.95,26264.99,26144.24,26175.01,825.70334
2023-09-26T18:00:00Z,26175.0,26207.67,26144.96,26184.98,638.43516
2023-09-26T19:00:00Z,26184.99,26275.72,26170.64,26247.7,668.56309
2023-09-26T20:00:00Z,26247.7,26288.68,26152.94,26164.19,824.74157
2023-09-26T21:00:00Z,26164.19,26192.71,26100.0,26165.4,666.72239
2023-09-26T22:00:00Z,26165.39,26207.89,26152.65,26157.65,460.43446
2023-09-26T23:00:00Z,26157.65,26240.0,26150.08,26221.67,497.73921
2023-09-27T00:00:00Z,26221.68,26260.0,26202.96,26257.54,737.96661
2023-09-27T01:00:00Z,26257.54,26265.0,26219.12,26260.27,405.02139
2023-09-27T02:00:00Z,26260.27,26277.54,26220.4,26228.04,411.5994
2023-09-27T03:00:00Z,26228.03,26289.5,26227.72,26278.04,349.94497
2023-09-27T04:00:00Z,26278.03,26289.0,26247.93,26248.71,411.99424
2023-09-27T05:00:00Z,26248.7,26260.4,26231.74,26255.89,454.99914
2023-09-27T06:00:00Z,26255.89,26271.3,26236.74,26257.77,415.57989
2023-09-27T07:00:00Z,26257.77,26264.78,26242.93,26246.34,456.36435
2023-09-27T08:00:00Z,26246.35,26264.36,26223.72,26259.81,507.06059
2023-09-27T09:00:00Z,26259.81,26404.0,26257.73,26397.79,1992.23182
2023-09-27T10:00:00Z,26397.79,26490.15,26356.05,26442.59,2403.82194
2023-09-27T11:00:00Z,26442.59,26848.07,26437.45,26766.7,5537.24725
2023-09-27T12:00:00Z,26766.69,26850.0,26685.0,26722.48,3087.77588
2023-09-27T13:00:00Z,26722.47,26805.07,26536.86,26621.54,2368.02236
2023-09-27T14:00:00Z,26621.54,26633.71,26169.38,26192.91,5821.46343
2023-09-27T15:00:00Z,26192.91,26332.35,26179.31,26304.42,2264.0184
2023-09-27T16:00:00Z,26304.42,26313.79,26226.42,26241.07,1091.62223
2023-09-27T17:00:00Z,26241.08,26272.43,26158.63,26231.39,1182.42452
2023-09-27T18:00:00Z,26231.39,26282.5,26112.06,26249.42,1458.8235
2023-09-27T19:00:00Z,26249.42,26294.82,26249.41,26267.8,686.8594
2023-09-27T20:00:00Z,26267.81,26294.0,26226.91,26257.75,774.58646
2023-09-27T21:00:00Z,26257.75,26304.14,26242.5,26279.94,519.44413
2023-09-27T22:00:00Z,26279.94,26350.0,26279.93,26334.12,652.50849
2023-09-27T23:00:00Z,26334.12,26385.0,26297.61,26372.99,780.19939
2023-09-28T00:00:00Z,26373.0,26557.75,26362.5,26446.73,1873.79306
2023-09-28T01:00:00Z,26446.74,26462.39,26349.75,26451.46,929.06434
2023-09-28T02:00:00Z,26451.46,26533.32,26365.0,26386.26,898.50517
2023-09-28T03:00:00Z,26386.27,26391.87,26342.4,26379.15,733.39603
2023-09-28T04:00:00Z,26379.15,26465.46,26347.17,26444.83,748.2231
2023-09-28T05:00:00Z,26444.83,26486.85,26401.25,26449.95,821.13161
2023-09-28T06:00:00Z,26449.96,26485.91,26405.44,26477.93,733.22933
2023-09-28T07:00:00Z,26477.94,26513.46,26437.98,26459.99,1383.37666
2023-09-28T08:00:00Z,26459.99,26469.51,26400.28,26410.0,792.96263
2023-09-28T09:00:00Z,26410.01,26451.1,26389.29,26428.69,706.46851
2023-09-28T10:00:00Z,26428.69,26623.84,26415.52,26570.62,2065.7697
2023-09-28T11:00:00Z,26570.63,26589.98,26440.83,26476.93,1273.30197
2023-09-28T12:00:00Z,26476.93,26570.0,26460.0,26479.3,1325.85112
2023-09-28T13:00:00Z,26479.3,26584.87,26467.96,26580.69,1404.13498
2023-09-28T14:00:00Z,26580.7,26913.47,26555.09,26793.37,5593.70504
2023-09-28T15:00:00Z,26793.36,27064.0,26788.35,27020.0,5170.57051
2023-09-28T16:00:00Z,27019.99,27308.48,27019.99,27059.99,6369.4842
2023-09-28T17:00:00Z,27060.0,27185.0,27058.12,27160.13,2384.64104
2023-09-28T18:00:00Z,27160.14,27231.94,26848.71,26959.34,3076.5438
2023-09-28T19:00:00Z,26959.34,27138.58,26917.33,27100.0,2371.05667
2023-09-28T20:00:00Z,27100.0,27166.42,27040.0,27082.26,1491.63333
2023-09-28T21:00:00Z,27082.27,27100.67,26895.0,27002.81,1166.0059
2023-09-28T22:00:00Z,27002.82,27048.75,26949.83,27010.99,711.87241
2023-09-28T23:00:00Z,27010.98,27071.33,26996.06,27021.39,493.1138
2023-09-29T00:00:00Z,27021.39,27134.16,26970.65,27066.78,1186.25286
2023-09-29T01:00:00Z,27066.79,27111.18,27000.0,27045.01,1250.00439
2023-09-29T02:00:00Z,27045.02,27085.0,26859.7,26895.21,1773.91572
2023-09-29T03:00:00Z,26895.21,26961.15,26885.01,26957.99,733.36232
2023-09-29T04:00:00Z,26958.0,26972.45,26895.94,26972.45,624.2613
2023-09-29T05:00:00Z,26972.45,26985.0,26954.98,26977.11,510.0684
2023-09-29T06:00:00Z,26977.12,27078.38,26950.0,27075.28,919.93879
2023-09-29T07:00:00Z,27075.27,27244.89,27039.56,27179.98,2896.34752
2023-09-29T08:00:00Z,27179.99,27179.99,26992.63,27003.58,1245.46714
2023-09-29T09:00:00Z,27003.58,27083.57,26968.48,27035.57,872.14477
2023-09-29T10:00:00Z,27035.57,27062.98,27012.17,27028.96,727.97231
2023-09-29T11:00:00Z,27028.96,27065.0,26963.7,26970.78,782.2817
2023-09-29T12:00:00Z,26970.78,27013.68,26897.0,27001.0,1754.51025
2023-09-29T13:00:00Z,27001.01,27048.88,26891.1,26895.0,1210.00367
2023-09-29T14:00:00Z,26895.01,27149.05,26665.16,26908.12,4941.58792
2023-09-29T15:00:00Z,26908.12,26933.91,26791.48,26888.57,1554.77624
2023-09-29T16:00:00Z,26888.57,26907.75,26809.57,26875.0,1011.50326
2023-09-29T17:00:00Z,26875.0,26882.91,26826.41,26840.95,647.83671
2023-09-29T18:00:00Z,26840.95,26934.06,26750.0,26920.0,1174.61749
2023-09-29T19:00:00Z,26919.99,26954.09,26895.0,26926.52,672.23408
2023-09-29T20:00:00Z,26926.53,26984.99,26872.67,26910.48,703.05426
2023-09-29T21:00:00Z,26910.47,26920.0,26869.99,26870.0,424.40428
2023-09-29T22:00:00Z,26870.0,26912.32,26866.13,26887.2,513.38218
2023-09-29T23:00:00Z,26887.2,26926.56,26876.34,26906.96,348.83463
2023-09-30T00:00:00Z,26906.96,26946.98,26891.65,26936.11,376.33285
2023-09-30T01:00:00Z,26936.11,26941.69,26891.26,26894.65,412.67897
2023-09-30T02:00:00Z,26894.65,26918.2,26886.31,26909.42,254.19724
2023-09-30T03:00:00Z,26909.41,26933.56,26893.63,26915.3,232.23448
2023-09-30T04:00:00Z,26915.3,26941.62,26911.51,26924.62,383.93311
2023-09-30T05:00:00Z,26924.62,26955.91,26924.62,26934.9,275.18257
2023-09-30T06:00:00Z,26934.91,26951.97,26927.48,26927.49,346.33254
2023-09-30T07:00:00Z,26927.49,26958.04,26919.36,26931.75,678.02349
2023-09-30T08:00:00Z,26931.76,26938.32,26923.18,26929.09,529.23503
2023-09-30T09:00:00Z,26929.09,26959.0,26929.09,26947.64,388.22863
2023-09-30T10:00:00Z,26947.63,26987.84,26947.63,26978.94,506.22008
2023-09-30T11:00:00Z,26978.95,26997.0,26923.54,26936.02,589.82747
2023-09-30T12:00:00Z,26936.02,26954.4,26909.94,26928.06,630.08957
2023-09-30T13:00:00Z,26928.05,26979.0,26903.01,26973.39,694.9672
2023-09-30T14:00:00Z,26973.4,27006.41,26957.26,26992.38,956.21024
2023-09-30T15:00:00Z,26992.39,27094.99,26979.73,26996.29,1277.44693
2023-09-30T16:00:00Z,26996.29,27043.61,26975.45,27020.92,834.23132
2023-09-30T17:00:00Z,27020.91,27030.18,26970.72,27017.55,506.32824
2023-09-30T18:00:00Z,27017.54,27017.55,26989.57,26999.98,390.71404
2023-09-30T19:00:00Z,26999.98,27037.04,26987.78,27020.7,651.15554
2023-09-30T20:00:00Z,27020.7,27073.11,27020.69,27064.15,432.67182
2023-09-30T21:00:00Z,27064.15,27081.78,26946.73,26999.28,650.71008
2023-09-30T22:00:00Z,26999.29,27029.28,26977.16,27010.29,438.90619
2023-09-30T23:00:00Z,27010.28,27011.0,26956.16,26962.56,368.76544
2023-10-01T00:00:00Z,26962.57,26997.0,26954.09,26991.07,335.39749
2023-10-01T01:00:00Z,26991.08,27037.4,26978.87,27019.83,373.49769
2023-10-01T02:00:00Z,27019.83,27047.75,27018.42,27025.89,369.23383
2023-10-01T03:00:00Z,27025.89,27048.0,27010.23,27044.76,271.34716
2023-10-01T04:00:00Z,27044.77,27047.77,27020.9,27045.47,274.45106
2023-10-01T05:00:00Z,27045.47,27072.75,27041.86,27071.72,636.01777
2023-10-01T06:00:00Z,27071.73,27138.33,27071.72,27128.85,859.55077
2023-10-01T07:00:00Z,27128.85,27158.59,27097.04,27107.95,885.13255
2023-10-01T08:00:00Z,27107.94,27157.87,27086.74,27135.47,658.87949
2023-10-01T09:00:00Z,27135.47,27231.81,27135.47,27217.77,1157.83556
2023-10-01T10:00:00Z,27217.78,27289.08,27159.98,27210.01,1383.16324
2023-10-01T11:00:00Z,27210.0,27239.89,27170.0,27187.71,769.35893
2023-10-01T12:00:00Z,27187.71,27199.79,27126.28,27193.98,822.19433
2023-10-01T13:00:00Z,27193.98,27196.89,27148.56,27192.04,669.63962
2023-10-01T14:00:00Z,27192.04,27229.29,27083.24,27119.79,996.38542
2023-10-01T15:00:00Z,27119.79,27155.85,27107.01,27153.18,541.5939
2023-10-01T16:00:00Z,27153.17,27155.0,27082.38,27112.19,585.50462
2023-10-01T17:00:00Z,27112.2,27140.45,27035.78,27072.35,730.04943
2023-10-01T18:00:00Z,27072.34,27100.01,27065.07,27096.13,438.07759
2023-10-01T19:00:00Z,27096.13,27107.77,27076.36,27103.02,366.1567
2023-10-01T20:00:00Z,27103.02,27147.0,27033.1,27109.75,766.63067
2023-10-01T21:00:00Z,27109.75,27187.99,27091.78,27180.37,365.73406
2023-10-01T22:00:00Z,27180.38,28065.51,27155.0,27996.43,7785.49229
2023-10-01T23:00:00Z,27996.43,28025.12,27861.47,27992.57,2561.49051
2023-10-02T00:00:00Z,27992.58,28062.43,27880.95,27932.05,2783.33437
2023-10-02T01:00:00Z,27932.05,27965.75,27826.65,27920.0,1535.43515
2023-10-02T02:00:00Z,27919.99,28002.07,27899.91,27982.6,1407.86141
2023-10-02T03:00:00Z,27982.61,28210.0,27953.95,28126.54,2539.04368
2023-10-02T04:00:00Z,28126.54,28154.83,28018.11,28067.06,1377.48326
2023-10-02T05:00:00Z,28067.07,28112.95,27910.95,27977.38,2161.6825
2023-10-02T06:00:00Z,27977.39,28103.83,27963.35,28101.59,1422.89327
2023-10-02T07:00:00Z,28101.59,28430.0,28097.65,28311.91,3844.08489
2023-10-02T08:00:00Z,28311.91,28484.28,28252.84,28280.94,4245.51908
2023-10-02T09:00:00Z,28280.94,28326.55,28238.15,28288.61,1887.17122
2023-10-02T10:00:00Z,28288.61,28342.87,28273.31,28305.5,1424.08153
2023-10-02T11:00:00Z,28305.5,28368.76,28187.69,28198.04,1683.73209
2023-10-02T12:00:00Z,28198.05,28349.27,28197.69,28320.66,2121.40208
2023-10-02T13:00:00Z,28320.67,28544.0,28292.0,28544.0,2766.60516
2023-10-02T14:00:00Z,28544.0,28580.0,28178.4,28307.69,3810.03319
2023-10-02T15:00:00Z,28307.69,28419.88,27983.0,28026.31,3294.20231
2023-10-02T16:00:00Z,28026.3,28123.39,27853.49,27999.15,3030.99961
2023-10-02T17:00:00Z,27999.15,28121.91,27905.72,28055.25,1456.45476
2023-10-02T18:00:00Z,28055.26,28104.1,27655.82,27798.81,3204.75723
2023-10-02T19:00:00Z,27798.82,27967.93,27631.41,27964.99,2242.82794
2023-10-02T20:00:00Z,27965.0,27965.94,27821.3,27843.68,1168.32791
2023-10-02T21:00:00Z,27843.68,27873.4,27281.44,27472.22,3838.33841
2023-10-02T22:00:00Z,27472.23,27558.46,27351.0,27554.56,2133.91788
2023-10-02T23:00:00Z,27554.55,27618.48,27472.48,27494.51,1690.95348
2023-10-03T00:00:00Z,27494.51,27572.0,27401.0,27430.0,2642.1657
2023-10-03T01:00:00Z,27430.0,27564.6,27381.48,27563.32,1227.95232
2023-10-03T02:00:00Z,27563.32,27613.78,27517.15,27584.2,693.05681
2023-10-03T03:00:00Z,27584.2,27640.0,27536.0,27601.55,887.55349
2023-10-03T04:00:00Z,27601.54,27648.05,27545.3,27633.02,711.66232
2023-10-03T05:00:00Z,27633.02,27635.0,27572.37,27572.37,691.02619
2023-10-03T06:00:00Z,27572.37,27676.52,27565.06,27637.63,720.3375
2023-10-03T07:00:00Z,27637.63,27653.47,27521.43,27540.64,929.31759
2023-10-03T08:00:00Z,27540.65,27642.83,27540.06,27595.14,853.70763
2023-10-03T09:00:00Z,27595.14,27619.18,27545.38,27550.01,898.41037
2023-10-03T10:00:00Z,27550.01,27635.8,27550.0,27625.58,831.23594
2023-10-03T11:00:00Z,27625.58,27634.97,27475.0,27559.99,1301.64126
2023-10-03T12:00:00Z,27560.0,27565.0,27420.55,27472.7,1716.78951
2023-10-03T13:00:00Z,27472.69,27579.7,27388.0,27549.47,1702.50151
2023-10-03T14:00:00Z,27549.48,27549.48,27258.05,27350.59,2806.38225
2023-10-03T15:00:00Z,27350.59,27420.13,27234.55,27345.0,1782.82306
2023-10-03T16:00:00Z,27345.0,27442.59,27318.89,27385.44,1136.23026
2023-10-03T17:00:00Z,27385.44,27486.2,27385.0,27435.4,888.9211
2023-10-03T18:00:00Z,27435.4,27447.75,27300.47,27300.48,937.9229
2023-10-03T19:00:00Z,27300.48,27425.0,27250.0,27275.0,1231.97846
2023-10-03T20:00:00Z,27275.0,27396.97,27160.5,27394.25,1698.9277
2023-10-03T21:00:00Z,27394.24,27453.11,27360.0,27400.06,666.64523
2023-10-03T22:00:00Z,27400.06,27410.93,27270.0,27404.21,849.76355
2023-10-03T23:00:00Z,27404.22,27469.65,27380.36,27426.46,1122.0129
2023-10-04T00:00:00Z,27426.45,27435.0,27202.0,27310.43,2850.0268
2023-10-04T01:00:00Z,27310.43,27355.74,27260.0,27336.8,2045.6802
2023-10-04T02:00:00Z,27336.8,27510.29,27312.23,27412.14,1445.49279
2023-10-04T03:00:00Z,27412.14,27465.14,27404.96,27430.43,495.69234
2023-10-04T04:00:00Z,27430.43,27430.44,27380.16,27388.69,415.55456
2023-10-04T05:00:00Z,27388.68,27407.42,27357.1,27407.18,551.99969
2023-10-04T06:00:00Z,27407.18,27419.99,27350.75,27419.99,592.2479
2023-10-04T07:00:00Z,27419.99,27454.98,27405.5,27453.78,697.67116
2023-10-04T08:00:00Z,27453.77,27574.11,27434.1,27519.93,1030.07596
2023-10-04T09:00:00Z,27519.93,27638.87,27507.31,27630.0,1198.62362
2023-10-04T10:00:00Z,27630.01,27643.09,27520.28,27530.05,1223.63564
2023-10-04T11:00:00Z,27530.06,27603.75,27524.16,27572.43,1136.51646
2023-10-04T12:00:00Z,27572.43,27633.42,27540.17,27570.02,1190.21785
2023-10-04T13:00:00Z,27570.02,27577.57,27403.4,27420.0,1850.72662
2023-10-04T14:00:00Z,27419.99,27462.08,27329.85,27386.94,1657.45241
2023-10-04T15:00:00Z,27386.93,27475.0,27363.69,27404.22,1241.27453
2023-10-04T16:00:00Z,27404.21,27597.45,27400.94,27524.06,1468.57994
2023-10-04T17:00:00Z,27524.07,27590.63,27506.14,27539.51,731.08867
2023-10-04T18:00:00Z,27539.5,27630.0,27522.0,27627.42,931.30199
2023-10-04T19:00:00Z,27627.42,27839.72,27527.2,27618.1,3371.54044
2023-10-04T20:00:00Z,27618.1,27739.14,27564.71,27648.98,1378.82272
2023-10-04T21:00:00Z,27648.99,27788.85,27647.65,27686.59,662.22604
2023-10-04T22:00:00Z,27686.6,27777.48,27660.8,27752.75,685.56769
2023-10-04T23:00:00Z,27752.75,27831.51,27752.74,27778.57,964.12598
2023-10-05T00:00:00Z,27778.57,27896.07,27722.44,27811.78,1186.91632
2023-10-05T01:00:00Z,27811.79,27812.41,27688.22,27732.16,889.76376
2023-10-05T02:00:00Z,27732.15,27738.13,27660.89,27677.67,621.91168
2023-10-05T03:00:00Z,27677.67,27709.53,27650.01,27651.73,437.85462
2023-10-05T04:00:00Z,27651.73,27698.25,27638.36,27692.91,503.48328
2023-10-05T05:00:00Z,27692.91,27702.2,27641.3,27641.31,482.42741
2023-10-05T06:00:00Z,27641.31,27665.0,27609.7,27660.75,797.29853
2023-10-05T07:00:00Z,27660.75,27660.76,27550.77,27607.98,881.88804
2023-10-05T08:00:00Z,27607.98,27666.0,27593.23,27649.63,572.38292
2023-10-05T09:00:00Z,27649.62,27725.96,27635.38,27684.68,769.65236
2023-10-05T10:00:00Z,27684.67,27746.83,27661.13,27736.98,722.84958
2023-10-05T11:00:00Z,27736.98,27774.55,27702.61,27725.68,828.63558
2023-10-05T12:00:00Z,27725.68,27763.59,27677.33,27724.35,1016.38611
2023-10-05T13:00:00Z,27724.36,28099.0,27724.35,27992.76,4134.83161
2023-10-05T14:00:00Z,27992.76,28120.39,27924.98,27960.61,2789.65187
2023-10-05T15:00:00Z,27960.61,27970.0,27403.59,27555.0,5205.12716
2023-10-05T16:00:00Z,27555.0,27617.57,27363.93,27446.63,2905.58515
2023-10-05T17:00:00Z,27446.63,27535.89,27352.0,27483.43,1618.72817
2023-10-05T18:00:00Z,27483.43,27535.52,27416.26,27495.08,1155.62395
2023-10-05T19:00:00Z,27495.08,27525.0,27432.12,27471.28,727.90736
2023-10-05T20:00:00Z,27471.28,27500.58,27410.0,27472.65,716.96427
2023-10-05T21:00:00Z,27472.65,27509.45,27450.0,27450.0,434.71549
2023-10-05T22:00:00Z,27450.01,27468.2,27388.0,27435.26,814.71015
2023-10-05T23:00:00Z,27435.26,27460.5,27400.11,27410.39,466.20082
2023-10-06T00:00:00Z,27410.39,27470.0,27389.99,27457.17,933.17701
2023-10-06T01:00:00Z,27457.17,27542.49,27453.44,27516.87,897.58346
2023-10-06T02:00:00Z,27516.88,27590.0,27516.51,27541.63,923.89591
2023-10-06T03:00:00Z,27541.63,27577.0,27530.85,27559.2,438.61026
2023-10-06T04:00:00Z,27559.2,27560.97,27488.5,27527.87,729.06805
2023-10-06T05:00:00Z,27527.87,27532.0,27477.84,27499.99,474.78645
2023-10-06T06:00:00Z,27499.99,27519.4,27464.48,27491.66,551.59393
2023-10-06T07:00:00Z,27491.65,27651.0,27482.82,27638.52,1268.68673
2023-10-06T08:00:00Z,27638.51,27668.2,27603.95,27616.68,1041.16962
2023-10-06T09:00:00Z,27616.68,27705.85,27588.53,27690.6,1087.28968
2023-10-06T10:00:00Z,27690.6,27801.0,27664.8,27670.5,1593.1738
2023-10-06T11:00:00Z,27670.49,27770.0,27609.71,27760.0,1483.09684
2023-10-06T12:00:00Z,27760.0,27768.2,27207.63,27252.99,4262.7089
2023-10-06T13:00:00Z,27252.99,27707.52,27175.94,27526.1,3869.4618
2023-10-06T14:00:00Z,27526.1,27706.58,27467.14,27670.0,2217.22577
2023-10-06T15:00:00Z,27670.0,28044.86,27632.55,27941.12,4224.61424
2023-10-06T16:00:00Z,27941.12,28023.51,27800.0,27877.74,2750.83831
2023-10-06T17:00:00Z,27877.73,28005.68,27789.14,27958.52,1505.6528
2023-10-06T18:00:00Z,27958.53,27993.56,27866.66,27904.12,1174.66308
2023-10-06T19:00:00Z,27904.12,28038.0,27877.59,27952.36,1639.10887
2023-10-06T20:00:00Z,27952.35,28017.55,27895.47,27977.6,843.24052
2023-10-06T21:00:00Z,27977.59,28295.0,27930.11,28042.37,2179.9027
2023-10-06T22:00:00Z,28042.38,28137.53,27966.85,27971.25,1008.73976
2023-10-06T23:00:00Z,27971.25,27980.01,27877.6,27931.09,884.95428
2023-10-07T00:00:00Z,27931.1,27955.9,27842.08,27912.91,1119.24899
2023-10-07T01:00:00Z,27912.92,27953.27,27871.36,27901.94,676.69081
2023-10-07T02:00:00Z,27901.95,27919.06,27871.99,27878.83,456.90589
2023-10-07T03:00:00Z,27878.84,27944.8,27871.69,27900.41,530.41773
2023-10-07T04:00:00Z,27900.41,27935.23,27900.4,27915.01,362.30726
2023-10-07T05:00:00Z,27915.02,27944.84,27887.36,27900.44,388.03807
2023-10-07T06:00:00Z,27900.45,27911.66,27875.0,27890.01,432.54455
2023-10-07T07:00:00Z,27890.02,27918.03,27879.68,27890.8,561.84124
2023-10-07T08:00:00Z,27890.79,28020.32,27880.01,28006.61,897.75485
2023-10-07T09:00:00Z,28006.61,28029.67,27935.72,27951.74,586.57148
2023-10-07T10:00:00Z,27951.74,27962.1,27927.95,27947.1,332.66111
2023-10-07T11:00:00Z,27947.1,28013.54,27932.81,27942.12,1088.56179
2023-10-07T12:00:00Z,27942.12,27986.27,27940.0,27958.99,459.84766
2023-10-07T13:00:00Z,27958.99,27975.9,27895.28,27938.91,529.87848
2023-10-07T14:00:00Z,27938.9,27955.41,27913.89,27952.48,387.71554
2023-10-07T15:00:00Z,27952.47,27971.82,27898.71,27939.8,507.34327
2023-10-07T16:00:00Z,27939.8,27964.2,27930.01,27940.88,497.48482
2023-10-07T17:00:00Z,27940.89,27961.48,27902.48,27933.15,538.47368
2023-10-07T18:00:00Z,27933.16,27946.6,27862.34,27891.19,818.92675
2023-10-07T19:00:00Z,27891.2,27920.0,27850.0,27865.48,543.6974
2023-10-07T20:00:00Z,27865.49,27925.92,27856.66,27925.55,447.15335
2023-10-07T21:00:00Z,27925.55,27956.74,27913.31,27931.9,449.53979
2023-10-07T22:00:00Z,27931.91,27954.93,27924.14,27951.03,437.67732
2023-10-07T23:00:00Z,27951.03,27959.75,27943.64,27956.67,297.55642
2023-10-08T00:00:00Z,27956.67,27983.33,27950.76,27964.93,329.99336
2023-10-08T01:00:00Z,27964.93,28029.4,27943.9,28016.27,596.25119
2023-10-08T02:00:00Z,28016.28,28092.21,27982.35,28012.64,778.00374
2023-10-08T03:00:00Z,28012.64,28095.14,27996.59,28064.87,1389.27673
2023-10-08T04:00:00Z,28064.87,28076.04,27918.85,27924.19,2976.06702
2023-10-08T05:00:00Z,27924.18,27941.7,27878.06,27933.91,939.16918
2023-10-08T06:00:00Z,27933.92,27953.21,27885.0,27891.82,394.07779
2023-10-08T07:00:00Z,27891.82,27920.0,27880.0,27905.61,358.15618
2023-10-08T08:00:00Z,27905.61,27937.5,27867.43,27911.55,677.34832
2023-10-08T09:00:00Z,27911.55,27934.08,27832.68,27878.8,750.65449
2023-10-08T10:00:00Z,27878.8,27895.35,27775.0,27818.77,1003.46478
2023-10-08T11:00:00Z,27818.76,27852.07,27798.89,27811.63,746.00315
2023-10-08T12:00:00Z,27811.63,27872.26,27799.99,27810.2,581.3812
2023-10-08T13:00:00Z,27810.2,27999.72,27687.5,27910.75,1916.82059
2023-10-08T14:00:00Z,27910.75,27980.0,27871.17,27930.72,693.00133
2023-10-08T15:00:00Z,27930.73,27952.61,27879.99,27892.74,766.28855
2023-10-08T16:00:00Z,27892.74,27937.4,27870.96,27912.59,655.37729
2023-10-08T17:00:00Z,27912.58,27948.68,27872.89,27878.8,519.92537
2023-10-08T18:00:00Z,27878.79,27878.8,27807.82,27871.88,718.64949
2023-10-08T19:00:00Z,27871.88,27919.94,27871.87,27894.99,529.92996
2023-10-08T20:00:00Z,27894.99,27930.0,27875.0,27904.04,328.95936
2023-10-08T21:00:00Z,27904.04,27980.0,27890.38,27916.89,550.56054
2023-10-08T22:00:00Z,27916.89,27940.71,27800.0,27919.01,1081.60407
2023-10-08T23:00:00Z,27919.0,27942.82,27895.0,27917.05,412.60553
2023-10-09T00:00:00Z,27917.06,27921.01,27800.0,27822.13,703.94085
2023-10-09T01:00:00Z,27822.12,27987.93,27796.53,27961.86,845.62534
2023-10-09T02:00:00Z,27961.85,27984.44,27920.01,27938.22,644.11993
2023-10-09T03:00:00Z,27938.22,27962.08,27917.28,27921.73,389.49444
2023-10-09T04:00:00Z,27921.72,27944.0,27921.72,27929.49,318.76236
2023-10-09T05:00:00Z,27929.49,27930.0,27860.0,27864.2,644.56542
2023-10-09T06:00:00Z,27864.21,27913.9,27857.06,27902.44,507.15784
2023-10-09T07:00:00Z,27902.43,27909.09,27808.4,27813.27,1022.66467
2023-10-09T08:00:00Z,27813.27,27842.03,27715.0,27745.76,1515.25415
2023-10-09T09:00:00Z,27745.77,27797.51,27435.0,27542.97,3738.16639
2023-10-09T10:00:00Z,27542.98,27608.0,27475.0,27532.84,2558.35008
2023-10-09T11:00:00Z,27532.84,27532.84,27412.21,27468.92,1827.11253
2023-10-09T12:00:00Z,27468.91,27547.3,27388.0,27436.01,2064.52824
2023-10-09T13:00:00Z,27436.0,27532.07,27374.73,27518.87,1571.08236
2023-10-09T14:00:00Z,27518.86,27578.81,27468.0,27498.19,1365.23224
2023-10-09T15:00:00Z,27498.19,27541.37,27430.47,27443.31,1433.37826
2023-10-09T16:00:00Z,27443.32,27549.86,27260.0,27403.03,4033.68268
2023-10-09T17:00:00Z,27403.03,27589.76,27342.01,27589.76,1637.48967
2023-10-09T18:00:00Z,27589.76,27750.03,27565.31,27565.31,2163.53601
2023-10-09T19:00:00Z,27565.31,27643.24,27529.99,27616.66,892.35414
2023-10-09T20:00:00Z,27616.66,27653.27,27557.85,27569.6,485.83453
2023-10-09T21:00:00Z,27569.61,27638.03,27556.2,27620.21,386.56748
2023-10-09T22:00:00Z,27620.2,27638.24,27572.78,27586.73,465.98599
2023-10-09T23:00:00Z,27586.73,27616.37,27571.04,27590.12,319.86079
2023-10-10T00:00:00Z,27590.12,27633.82,27543.8,27553.16,717.91734
2023-10-10T01:00:00Z,27553.17,27610.01,27492.6,27597.6,633.12995
2023-10-10T02:00:00Z,27597.6,27697.56,27578.13,27680.52,773.47538
2023-10-10T03:00:00Z,27680.53,27691.81,27632.08,27632.32,481.61598
2023-10-10T04:00:00Z,27632.32,27636.0,27587.65,27600.05,523.57213
2023-10-10T05:00:00Z,27600.04,27610.83,27579.87,27607.23,424.73874
2023-10-10T06:00:00Z,27607.24,27657.83,27607.23,27655.42,513.95891
2023-10-10T07:00:00Z,27655.41,27706.34,27642.69,27651.45,674.79366
2023-10-10T08:00:00Z,27651.46,27735.0,27647.0,27677.1,716.50119
2023-10-10T09:00:00Z,27677.1,27682.24,27642.06,27662.85,699.50295
2023-10-10T10:00:00Z,27662.84,27675.82,27606.0,27610.0,775.32236
2023-10-10T11:00:00Z,27610.0,27615.81,27500.0,27508.87,1160.08622
2023-10-10T12:00:00Z,27508.86,27530.23,27403.92,27426.5,1402.96595
2023-10-10T13:00:00Z,27426.49,27476.9,27338.87,27395.0,1669.13915
2023-10-10T14:00:00Z,27394.99,27630.0,27351.29,27440.68,2733.60528
2023-10-10T15:00:00Z,27440.68,27474.42,27350.0,27408.01,1703.52691
2023-10-10T16:00:00Z,27408.01,27511.96,27329.62,27432.75,1703.80673
2023-10-10T17:00:00Z,27432.74,27453.65,27345.09,27369.2,1213.34006
2023-10-10T18:00:00Z,27369.19,27395.0,27298.0,27356.14,1090.30377
2023-10-10T19:00:00Z,27356.13,27420.0,27316.78,27397.3,1062.03283
2023-10-10T20:00:00Z,27397.31,27428.0,27322.69,27399.99,758.52259
2023-10-10T21:00:00Z,27399.99,27468.14,27379.88,27425.71,601.00507
2023-10-10T22:00:00Z,27425.71,27470.01,27425.7,27447.9,322.14083
2023-10-10T23:00:00Z,27447.9,27456.66,27384.56,27390.12,421.83985
2023-10-11T00:00:00Z,27390.12,27474.23,27389.17,27462.46,706.62189
2023-10-11T01:00:00Z,27462.47,27477.39,27420.0,27439.15,397.94632
2023-10-11T02:00:00Z,27439.15,27439.18,27034.0,27120.93,3694.96789
2023-10-11T03:00:00Z,27120.93,27158.81,27011.01,27016.05,1578.58881
2023-10-11T04:00:00Z,27016.04,27129.3,26964.89,27123.6,1619.42474
2023-10-11T05:00:00Z,27123.6,27143.91,27059.88,27113.68,1018.97673
2023-10-11T06:00:00Z,27113.69,27119.84,27051.0,27068.95,1307.09448
2023-10-11T07:00:00Z,27068.96,27099.53,27018.56,27021.95,834.26102
2023-10-11T08:00:00Z,27021.95,27117.31,27017.0,27108.43,1013.98826
2023-10-11T09:00:00Z,27108.44,27288.98,27090.01,27285.44,1686.21034
2023-10-11T10:00:00Z,27285.44,27332.0,27219.0,27277.27,1245.26892
2023-10-11T11:00:00Z,27277.27,27295.0,27176.38,27196.26,918.34402
2023-10-11T12:00:00Z,27196.26,27262.45,27037.68,27169.17,1776.25301
2023-10-11T13:00:00Z,27169.16,27182.7,27071.03,27143.59,1041.86097
2023-10-11T14:00:00Z,27143.59,27165.92,27030.0,27091.88,1276.57506
2023-10-11T15:00:00Z,27091.89,27100.0,26727.56,26779.46,4705.85089
2023-10-11T16:00:00Z,26779.45,26793.81,26630.0,26682.69,3581.47188
2023-10-11T17:00:00Z,26682.69,26717.62,26538.66,26632.26,2770.62819
2023-10-11T18:00:00Z,26632.27,26710.03,26585.51,26690.4,1350.89845
2023-10-11T19:00:00Z,26690.41,26795.63,26675.98,26763.2,2118.60594
2023-10-11T20:00:00Z,26763.19,26780.12,26693.04,26725.28,809.09818
2023-10-11T21:00:00Z,26725.28,26768.14,26680.0,26728.44,478.3463
2023-10-11T22:00:00Z,26728.43,26800.0,26717.7,26784.15,575.52698
2023-10-11T23:00:00Z,26784.16,26885.41,26756.74,26875.52,842.63779
2023-10-12T00:00:00Z,26875.52,26887.06,26797.2,26801.73,875.89031
2023-10-12T01:00:00Z,26801.72,26807.84,26735.83,26779.79,958.73006
2023-10-12T02:00:00Z,26779.79,26947.04,26756.59,26903.29,1532.41554
2023-10-12T03:00:00Z,26903.29,26916.89,26829.6,26847.07,691.05608
2023-10-12T04:00:00Z,26847.07,26849.99,26815.01,26821.1,476.08177
2023-10-12T05:00:00Z,26821.11,26876.86,26783.14,26876.85,566.5246
2023-10-12T06:00:00Z,26876.85,26920.81,26838.01,26870.0,766.19562
2023-10-12T07:00:00Z,26870.01,26876.44,26804.8,26810.66,967.04688
2023-10-12T08:00:00Z,26810.66,26824.59,26771.19,26802.8,886.87245
2023-10-12T09:00:00Z,26802.81,26824.12,26655.6,26742.3,2158.61724
2023-10-12T10:00:00Z,26742.3,26782.93,26732.73,26754.79,848.54755
2023-10-12T11:00:00Z,26754.8,26867.14,26721.79,26837.84,1118.35858
2023-10-12T12:00:00Z,26837.84,26857.25,26753.2,26829.99,1234.09508
2023-10-12T13:00:00Z,26830.0,26862.74,26685.71,26761.6,1250.80678
2023-10-12T14:00:00Z,26761.6,26778.89,26633.57,26701.94,1079.08891
2023-10-12T15:00:00Z,26701.93,26734.58,26621.76,26675.0,1004.56956
2023-10-12T16:00:00Z,26674.99,26804.99,26566.15,26673.36,2043.48342
2023-10-12T17:00:00Z,26673.36,26692.65,26555.0,26641.9,1387.19872
2023-10-12T18:00:00Z,26641.89,26729.25,26596.45,26658.06,891.68337
2023-10-12T19:00:00Z,26658.07,26739.95,26630.01,26712.9,629.62968
2023-10-12T20:00:00Z,26712.91,26759.01,26706.84,26745.0,665.56202
2023-10-12T21:00:00Z,26744.99,26764.94,26710.32,26759.28,454.12688
2023-10-12T22:00:00Z,26759.28,26775.0,26731.41,26755.05,499.69713
2023-10-12T23:00:00Z,26755.05,26765.6,26706.44,26759.63,442.36289
2023-10-13T00:00:00Z,26759.63,26859.75,26750.0,26829.56,813.93197
2023-10-13T01:00:00Z,26829.56,26876.06,26789.49,26793.56,590.78163
2023-10-13T02:00:00Z,26793.57,26809.82,26786.27,26809.2,341.17841
2023-10-13T03:00:00Z,26809.2,26830.77,26768.7,26781.69,532.63657
2023-10-13T04:00:00Z,26781.69,26806.71,26773.84,26805.52,403.94113
2023-10-13T05:00:00Z,26805.51,26828.22,26781.97,26821.92,654.34281
2023-10-13T06:00:00Z,26821.92,26860.0,26802.44,26808.17,482.55678
2023-10-13T07:00:00Z,26808.18,26943.0,26808.17,26875.0,1133.08602
2023-10-13T08:00:00Z,26874.99,26903.94,26787.6,26796.02,1696.32662
2023-10-13T09:00:00Z,26796.01,26823.45,26737.4,26738.05,898.72226
2023-10-13T10:00:00Z,26738.05,26788.0,26738.05,26778.48,526.45463
2023-10-13T11:00:00Z,26778.48,26854.39,26778.47,26820.92,598.18792
2023-10-13T12:00:00Z,26820.91,26939.72,26764.72,26932.63,1502.77513
2023-10-13T13:00:00Z,26932.63,26966.85,26833.19,26855.63,1508.03183
2023-10-13T14:00:00Z,26855.64,26855.64,26734.65,26757.09,1106.64465
2023-10-13T15:00:00Z,26757.08,26784.27,26685.96,26706.83,1052.1432
2023-10-13T16:00:00Z,26706.83,26807.1,26701.38,26796.73,998.31275
2023-10-13T17:00:00Z,26796.73,26798.31,26685.0,26768.26,965.46099
2023-10-13T18:00:00Z,26768.26,26786.53,26730.29,26749.05,550.53192
2023-10-13T19:00:00Z,26749.04,26780.73,26723.0,26778.57,550.05858
2023-10-13T20:00:00Z,26778.57,27074.07,26747.24,26981.36,1934.66567
2023-10-13T21:00:00Z,26981.37,27130.0,26839.84,27019.2,2857.65066
2023-10-13T22:00:00Z,27019.2,27078.73,26755.01,26829.9,1732.87204
2023-10-13T23:00:00Z,26829.9,26862.0,26764.65,26862.0,684.47082
2023-10-14T00:00:00Z,26862.0,26899.67,26852.49,26892.46,538.84186
2023-10-14T01:00:00Z,26892.45,26929.47,26845.0,26915.05,549.78803
2023-10-14T02:00:00Z,26915.05,26933.88,26887.41,26905.0,393.71939
2023-10-14T03:00:00Z,26905.0,26989.58,26905.0,26930.78,682.83022
2023-10-14T04:00:00Z,26930.77,26934.72,26901.4,26908.43,300.10011
2023-10-14T05:00:00Z,26908.43,26939.35,26882.2,26885.07,447.29392
2023-10-14T06:00:00Z,26885.06,26897.18,26850.0,26863.41,1428.00732
2023-10-14T07:00:00Z,26863.4,26873.39,26841.76,26868.8,527.07289
2023-10-14T08:00:00Z,26868.8,26884.9,26847.87,26866.04,351.51991
2023-10-14T09:00:00Z,26866.04,26884.47,26866.04,26879.98,235.26198
2023-10-14T10:00:00Z,26879.98,26900.0,26865.19,26878.78,286.36367
2023-10-14T11:00:00Z,26878.78,26878.79,26849.82,26872.35,342.30466
2023-10-14T12:00:00Z,26872.35,26896.1,26850.44,26893.08,331.85517
2023-10-14T13:00:00Z,26893.08,26913.87,26881.49,26907.61,393.98896
2023-10-14T14:00:00Z,26907.61,26907.62,26869.76,26885.24,308.81057
2023-10-14T15:00:00Z,26885.24,26943.39,26880.12,26942.56,488.52188
2023-10-14T16:00:00Z,26942.56,26953.18,26903.91,26926.58,507.43225
2023-10-14T17:00:00Z,26926.57,26928.19,26884.57,26889.51,374.22674
2023-10-14T18:00:00Z,26889.51,26889.51,26870.0,26870.0,344.88529
2023-10-14T19:00:00Z,26870.0,26890.33,26850.0,26864.29,413.71856
2023-10-14T20:00:00Z,26864.29,26864.29,26815.0,26845.32,355.19308
2023-10-14T21:00:00Z,26845.31,26883.57,26789.0,26820.01,465.05098
2023-10-14T22:00:00Z,26820.0,26854.62,26819.72,26849.45,205.88649
2023-10-14T23:00:00Z,26849.44,26866.97,26849.44,26852.48,144.58183
2023-10-15T00:00:00Z,26852.48,26853.45,26815.76,26848.76,255.54884
2023-10-15T01:00:00Z,26848.76,26916.77,26845.4,26890.01,511.88407
2023-10-15T02:00:00Z,26890.0,26904.32,26871.65,26883.6,235.77984
2023-10-15T03:00:00Z,26883.6,26907.16,26877.17,26880.46,319.34865
2023-10-15T04:00:00Z,26880.46,26889.22,26871.86,26883.98,239.76927
2023-10-15T05:00:00Z,26883.98,26886.08,26881.26,26882.44,129.75899
2023-10-15T06:00:00Z,26882.45,26882.45,26873.94,26879.53,198.96657
2023-10-15T07:00:00Z,26879.53,26882.52,26873.91,26882.52,188.65143
2023-10-15T08:00:00Z,26882.51,26910.0,26882.51,26905.79,368.39117
2023-10-15T09:00:00Z,26905.78,26919.0,26897.56,26901.29,264.79043
2023-10-15T10:00:00Z,26901.3,26901.3,26893.0,26895.0,279.82904
2023-10-15T11:00:00Z,26895.0,26895.01,26843.79,26852.47,374.84629
2023-10-15T12:00:00Z,26852.48,26852.48,26826.7,26838.14,368.60998
2023-10-15T13:00:00Z,26838.14,26965.28,26808.25,26861.13,1432.34955
2023-10-15T14:00:00Z,26861.12,26918.62,26857.15,26873.37,457.03336
2023-10-15T15:00:00Z,26873.38,26906.89,26851.98,26898.87,416.19359
2023-10-15T16:00:00Z,26898.87,26934.58,26893.41,26930.29,383.24169
2023-10-15T17:00:00Z,26930.29,27017.44,26920.55,26982.49,1043.59307
2023-10-15T18:00:00Z,26982.49,27063.08,26956.17,27056.41,682.55033
2023-10-15T19:00:00Z,27056.4,27081.0,26986.07,27043.75,668.31814
2023-10-15T20:00:00Z,27043.75,27234.99,27015.0,27206.21,2355.66119
2023-10-15T21:00:00Z,27206.2,27227.57,27084.15,27179.58,1177.04772
2023-10-15T22:00:00Z,27179.59,27293.33,27073.28,27102.2,1770.79459
2023-10-15T23:00:00Z,27102.2,27155.0,27034.65,27154.15,1151.7339
2023-10-16T00:00:00Z,27154.14,27193.54,27112.66,27141.88,1085.32002
2023-10-16T01:00:00Z,27141.87,27279.67,27141.87,27194.96,1891.31272
2023-10-16T02:00:00Z,27194.96,27285.91,27179.9,27191.29,711.95236
2023-10-16T03:00:00Z,27191.28,27235.92,27160.01,27235.92,827.45049
2023-10-16T04:00:00Z,27235.92,27275.0,27193.98,27251.18,687.69811
2023-10-16T05:00:00Z,27251.18,27980.0,27251.17,27916.44,8457.76027
2023-10-16T06:00:00Z,27916.43,27971.34,27789.0,27812.61,3387.88535
2023-10-16T07:00:00Z,27812.6,27920.0,27802.94,27849.06,2012.97606
2023-10-16T08:00:00Z,27849.05,27902.99,27805.29,27809.84,1725.43178
2023-10-16T09:00:00Z,27809.83,27810.94,27641.72,27768.07,2028.94012
2023-10-16T10:00:00Z,27768.06,27788.36,27696.22,27770.03,1228.59118
2023-10-16T11:00:00Z,27770.03,27773.85,27674.12,27749.6,924.36556
2023-10-16T12:00:00Z,27749.61,27887.99,27709.04,27887.99,1977.93691
2023-10-16T13:00:00Z,27887.99,30000.0,27730.0,28000.0,27563.36388
2023-10-16T14:00:00Z,27999.99,28399.99,27888.88,28193.83,5126.86454
2023-10-16T15:00:00Z,28193.83,28216.1,28034.11,28064.16,2118.30835
2023-10-16T16:00:00Z,28064.16,28182.54,28064.16,28087.99,1722.67039
2023-10-16T17:00:00Z,28088.0,28241.63,28086.68,28234.99,1814.11151
2023-10-16T18:00:00Z,28235.0,28593.46,28231.04,28551.21,3784.24033
2023-10-16T19:00:00Z,28551.2,28808.51,28394.04,28468.85,3782.88186
2023-10-16T20:00:00Z,28468.86,28643.0,28322.89,28407.4,1889.33695
2023-10-16T21:00:00Z,28407.39,28453.65,28230.37,28423.38,1475.25222
2023-10-16T22:00:00Z,28423.38,28558.7,28380.61,28509.57,1343.79878
2023-10-16T23:00:00Z,28509.58,28545.87,28438.61,28500.78,830.77471
2023-10-17T00:00:00Z,28500.77,28549.34,28231.01,28278.09,2394.83513
2023-10-17T01:00:00Z,28278.08,28418.96,28270.0,28350.0,1226.38762
2023-10-17T02:00:00Z,28349.99,28388.17,28291.76,28368.27,1373.43932
2023-10-17T03:00:00Z,28368.28,28369.99,28251.27,28269.99,1034.47916
2023-10-17T04:00:00Z,28270.0,28270.0,28069.32,28186.23,1960.63936
2023-10-17T05:00:00Z,28186.23,28231.0,28144.21,28220.44,873.31465
2023-10-17T06:00:00Z,28220.44,28242.29,28120.5,28229.61,1289.99185
2023-10-17T07:00:00Z,28229.6,28475.82,28206.72,28430.63,3502.99577
2023-10-17T08:00:00Z,28430.62,28520.0,28350.11,28437.35,2381.08836
2023-10-17T09:00:00Z,28437.34,28476.47,28364.21,28446.79,754.75321
2023-10-17T10:00:00Z,28446.79,28609.38,28409.27,28506.13,1691.27633
2023-10-17T11:00:00Z,28506.13,28527.38,28417.55,28422.63,1074.04905
2023-10-17T12:00:00Z,28422.63,28471.3,28180.0,28218.92,2213.09561
2023-10-17T13:00:00Z,28218.92,28397.26,28135.35,28291.83,2789.80247
2023-10-17T14:00:00Z,28291.83,28510.0,28277.09,28464.57,2467.50105
2023-10-17T15:00:00Z,28464.57,28580.34,28430.01,28461.72,2243.88653
2023-10-17T16:00:00Z,28461.72,28600.0,28430.48,28584.81,1610.62226
2023-10-17T17:00:00Z,28584.8,28613.65,28359.89,28427.27,1620.76643
2023-10-17T18:00:00Z,28427.27,28487.36,28306.42,28348.22,1400.02589
2023-10-17T19:00:00Z,28348.22,28516.47,28344.19,28516.47,1279.73586
2023-10-17T20:00:00Z,28516.47,28540.0,28445.65,28445.65,1233.00425
2023-10-17T21:00:00Z,28445.66,28556.56,28411.18,28487.32,855.11876
2023-10-17T22:00:00Z,28487.31,28487.32,28373.33,28416.91,742.16166
2023-10-17T23:00:00Z,28416.91,28444.38,28386.51,28395.91,415.47474
2023-10-18T00:00:00Z,28395.91,28436.97,28320.29,28376.34,776.51394
2023-10-18T01:00:00Z,28376.33,28417.88,28322.67,28353.88,634.68944
2023-10-18T02:00:00Z,28353.89,28508.83,28353.88,28471.15,915.91468
2023-10-18T03:00:00Z,28471.15,28514.66,28439.8,28514.42,579.29489
2023-10-18T04:00:00Z,28514.43,28982.36,28441.71,28730.72,3031.9266
2023-10-18T05:00:00Z,28730.72,28860.71,28637.94,28695.5,3334.27162
2023-10-18T06:00:00Z,28695.51,28742.23,28621.03,28667.03,1137.69878
2023-10-18T07:00:00Z,28667.03,28672.59,28483.24,28494.55,1653.97175
2023-10-18T08:00:00Z,28494.55,28561.52,28469.99,28561.51,1020.31462
2023-10-18T09:00:00Z,28561.52,28599.0,28236.41,28267.58,1640.57304
2023-10-18T10:00:00Z,28267.57,28418.48,28259.22,28374.12,1499.21692
2023-10-18T11:00:00Z,28374.13,28402.01,28332.27,28340.64,894.51671
2023-10-18T12:00:00Z,28340.65,28405.29,28283.05,28330.01,1370.29478
2023-10-18T13:00:00Z,28330.01,28384.65,28261.01,28325.63,1459.26254
2023-10-18T14:00:00Z,28325.62,28362.7,28142.87,28190.49,2948.97319
2023-10-18T15:00:00Z,28190.49,28285.61,28157.83,28247.45,1196.63533
2023-10-18T16:00:00Z,28247.46,28400.0,28230.2,28349.24,1587.18554
2023-10-18T17:00:00Z,28349.23,28437.41,28330.03,28330.04,1902.83162
2023-10-18T18:00:00Z,28330.04,28364.54,28281.5,28297.93,994.24167
2023-10-18T19:00:00Z,28297.92,28339.63,28241.2,28245.62,950.58463
2023-10-18T20:00:00Z,28245.63,28305.64,28190.81,28252.31,923.62685
2023-10-18T21:00:00Z,28252.31,28285.75,28215.0,28269.71,514.23953
2023-10-18T22:00:00Z,28269.71,28343.87,28247.23,28343.58,615.33591
2023-10-18T23:00:00Z,28343.59,28374.27,28303.62,28320.0,580.36133
2023-10-19T00:00:00Z,28320.0,28400.0,28288.52,28388.48,1103.6669
2023-10-19T01:00:00Z,28388.47,28418.0,28100.66,28238.53,2293.84945
2023-10-19T02:00:00Z,28238.54,28271.56,28169.26,28210.0,1072.68107
2023-10-19T03:00:00Z,28209.99,28262.23,28199.83,28260.0,648.64718
2023-10-19T04:00:00Z,28260.0,28287.15,28230.0,28286.75,703.44431
2023-10-19T05:00:00Z,28286.75,28349.39,28271.58,28308.38,846.84287
2023-10-19T06:00:00Z,28308.39,28326.16,28275.08,28291.15,700.75014
2023-10-19T07:00:00Z,28291.15,28339.72,28242.67,28330.82,832.90577
2023-10-19T08:00:00Z,28330.82,28375.47,28302.95,28325.21,901.75636
2023-10-19T09:00:00Z,28325.22,28411.33,28280.96,28400.01,1271.27758
2023-10-19T10:00:00Z,28400.0,28514.21,28375.86,28476.99,2017.38492
2023-10-19T11:00:00Z,28477.0,28495.0,28410.0,28450.69,1032.84737
2023-10-19T12:00:00Z,28450.7,28573.74,28420.0,28477.12,2107.9075
2023-10-19T13:00:00Z,28477.12,28587.3,28435.42,28482.09,1833.07678
2023-10-19T14:00:00Z,28482.1,28750.57,28444.64,28680.45,3017.42212
2023-10-19T15:00:00Z,28680.45,28814.14,28569.28,28680.09,3242.76977
2023-10-19T16:00:00Z,28680.09,28916.89,28606.32,28620.01,3891.53983
2023-10-19T17:00:00Z,28620.01,28692.48,28457.56,28547.24,1699.11214
2023-10-19T18:00:00Z,28547.24,28691.42,28525.0,28646.98,1401.60664
2023-10-19T19:00:00Z,28646.98,28765.76,28645.0,28750.75,1039.20935
2023-10-19T20:00:00Z,28750.75,28882.07,28684.8,28715.38,1737.14711
2023-10-19T21:00:00Z,28715.39,28739.73,28604.09,28604.09,1118.51697
2023-10-19T22:00:00Z,28604.09,28704.99,28598.6,28649.65,767.85518
2023-10-19T23:00:00Z,28649.64,28717.82,28630.19,28713.71,613.28448
2023-10-20T00:00:00Z,28713.71,28772.32,28636.36,28640.0,886.04818
2023-10-20T01:00:00Z,28640.01,28659.5,28578.29,28659.5,641.25821
2023-10-20T02:00:00Z,28659.49,29123.0,28641.32,28980.0,3293.78291
2023-10-20T03:00:00Z,28980.0,29400.0,28920.0,29235.38,4342.5285
2023-10-20T04:00:00Z,29235.37,29350.0,29175.17,29318.54,2399.04103
2023-10-20T05:00:00Z,29318.53,29345.58,29111.28,29221.75,3773.80305
2023-10-20T06:00:00Z,29221.75,29289.93,29179.96,29282.6,1150.69416
2023-10-20T07:00:00Z,29282.61,29400.0,29218.33,29240.51,2515.93635
2023-10-20T08:00:00Z,29240.52,29845.17,29227.75,29731.84,5676.49006
2023-10-20T09:00:00Z,29731.84,29829.47,29651.68,29798.11,2913.18707
2023-10-20T10:00:00Z,29798.1,30207.55,29770.06,29850.01,7350.03325
2023-10-20T11:00:00Z,29850.0,30038.3,29795.44,29839.99,3310.20533
2023-10-20T12:00:00Z,29839.99,29910.0,29380.0,29509.21,5509.99911
2023-10-20T13:00:00Z,29509.21,29665.07,29458.18,29654.64,2744.51174
2023-10-20T14:00:00Z,29654.64,29730.5,29413.31,29586.19,2408.38097
2023-10-20T15:00:00Z,29586.2,29600.0,29486.0,29550.98,1652.00002
2023-10-20T16:00:00Z,29550.98,29592.71,29445.0,29492.87,1515.07822
2023-10-20T17:00:00Z,29492.87,29526.62,29321.0,29516.38,1521.23547
2023-10-20T18:00:00Z,29516.38,29554.77,29470.0,29485.76,907.44966
2023-10-20T19:00:00Z,29485.76,29567.71,29400.0,29561.41,1132.22706
2023-10-20T20:00:00Z,29561.4,29641.36,29513.5,29580.92,1576.97757
2023-10-20T21:00:00Z,29580.93,29642.45,29577.83,29614.79,576.88467
2023-10-20T22:00:00Z,29614.79,29674.6,29595.29,29661.67,584.4107
2023-10-20T23:00:00Z,29661.66,29790.59,29652.27,29669.04,1039.93591
2023-10-21T00:00:00Z,29669.05,29699.68,29585.06,29628.16,836.69196
2023-10-21T01:00:00Z,29628.15,29631.79,29514.19,29533.88,667.51854
2023-10-21T02:00:00Z,29533.87,29539.35,29465.53,29486.96,752.92738
2023-10-21T03:00:00Z,29486.96,29624.58,29464.77,29604.43,740.04199
2023-10-21T04:00:00Z,29604.42,29627.8,29553.53,29556.13,661.39
2023-10-21T05:00:00Z,29556.13,29584.91,29541.86,29578.66,380.65705
2023-10-21T06:00:00Z,29578.65,29730.88,29578.65,29705.0,973.51681
2023-10-21T07:00:00Z,29704.99,29723.63,29651.78,29695.8,560.64906
2023-10-21T08:00:00Z,29695.8,29719.43,29656.24,29662.3,508.21586
2023-10-21T09:00:00Z,29662.29,29866.0,29634.56,29843.42,1509.01018
2023-10-21T10:00:00Z,29843.41,29878.83,29755.72,29772.48,1138.8611
2023-10-21T11:00:00Z,29772.49,29850.1,29765.67,29804.99,1327.9955
2023-10-21T12:00:00Z,29804.99,29833.03,29744.98,29768.27,1029.79584
2023-10-21T13:00:00Z,29768.28,29798.32,29678.69,29775.48,1018.96783
2023-10-21T14:00:00Z,29775.49,29921.68,29752.76,29884.1,1621.77159
2023-10-21T15:00:00Z,29884.1,29980.0,29771.46,29937.36,1895.23623
2023-10-21T16:00:00Z,29937.37,29974.26,29846.0,29867.41,1190.57162
2023-10-21T17:00:00Z,29867.41,30180.0,29848.32,30146.68,2516.74631
2023-10-21T18:00:00Z,30146.67,30379.99,29964.41,30206.23,3650.11171
2023-10-21T19:00:00Z,30206.23,30280.0,30028.96,30145.04,1409.58472
2023-10-21T20:00:00Z,30145.03,30158.2,29931.38,30015.7,1318.03933
2023-10-21T21:00:00Z,30015.69,30057.4,29974.98,29984.31,542.37956
2023-10-21T22:00:00Z,29984.32,30033.38,29945.63,29996.65,469.22178
2023-10-21T23:00:00Z,29996.65,29996.66,29850.0,29909.8,797.61702
2023-10-22T00:00:00Z,29909.8,30009.01,29885.0,29971.78,882.92699
2023-10-22T01:00:00Z,29971.78,30075.0,29860.01,29928.73,1119.90596
2023-10-22T02:00:00Z,29928.73,29928.74,29843.2,29862.46,789.67678
2023-10-22T03:00:00Z,29862.45,29912.53,29843.49,29907.38,412.16594
2023-10-22T04:00:00Z,29907.38,29996.0,29897.8,29954.71,742.9553
2023-10-22T05:00:00Z,29954.71,30248.0,29954.7,30114.51,2378.97657
2023-10-22T06:00:00Z,30114.52,30215.09,30053.86,30078.5,1230.76393
2023-10-22T07:00:00Z,30078.5,30078.51,29640.0,29816.26,2717.43028
2023-10-22T08:00:00Z,29816.27,29882.79,29780.11,29832.09,1031.98806
2023-10-22T09:00:00Z,29832.09,29991.05,29820.0,29880.43,1046.96843
2023-10-22T10:00:00Z,29880.42,29951.15,29861.8,29898.16,526.02559
2023-10-22T11:00:00Z,29898.15,29929.92,29820.84,29909.67,721.40365
2023-10-22T12:00:00Z,29909.66,29951.94,29868.96,29895.85,679.72097
2023-10-22T13:00:00Z,29895.85,29974.46,29887.35,29945.4,557.4867
2023-10-22T14:00:00Z,29945.4,29952.78,29781.0,29875.0,1075.34299
2023-10-22T15:00:00Z,29874.99,29876.75,29785.52,29825.6,822.2449
2023-10-22T16:00:00Z,29825.61,29888.0,29805.13,29869.99,721.70616
2023-10-22T17:00:00Z,29870.0,29946.77,29869.99,29914.51,661.28097
2023-10-22T18:00:00Z,29914.51,29932.4,29883.6,29883.6,409.92203
2023-10-22T19:00:00Z,29883.6,29930.0,29825.0,29842.75,527.19743
2023-10-22T20:00:00Z,29842.75,29882.36,29830.09,29848.15,431.38845
2023-10-22T21:00:00Z,29848.15,29850.0,29720.0,29750.01,531.99849
2023-10-22T22:00:00Z,29750.01,30048.58,29714.28,30038.99,1945.18541
2023-10-22T23:00:00Z,30039.0,30051.79,29920.28,29992.46,887.88365
2023-10-23T00:00:00Z,29992.46,30168.0,29883.6,30120.0,1458.87679
2023-10-23T01:00:00Z,30120.01,30637.77,30076.9,30346.83,5706.80302
2023-10-23T02:00:00Z,30346.83,30398.0,30180.23,30378.23,1683.13954
2023-10-23T03:00:00Z,30378.22,30799.0,30291.43,30736.69,3758.1898
2023-10-23T04:00:00Z,30736.68,30858.0,30565.0,30658.65,2841.11287
2023-10-23T05:00:00Z,30658.64,30943.15,30587.7,30788.62,3200.47474
2023-10-23T06:00:00Z,30788.62,30985.12,30671.64,30671.65,2742.51699
2023-10-23T07:00:00Z,30671.65,30755.9,30426.82,30518.02,2291.86736
2023-10-23T08:00:00Z,30518.02,30717.21,30466.66,30686.78,1947.32271
2023-10-23T09:00:00Z,30686.78,30698.03,30355.06,30477.7,2766.81533
2023-10-23T10:00:00Z,30477.7,30572.0,30470.53,30559.53,1067.16547
2023-10-23T11:00:00Z,30559.52,30784.54,30551.18,30657.04,1859.23445
2023-10-23T12:00:00Z,30657.04,30754.99,30585.0,30662.82,1554.0842
2023-10-23T13:00:00Z,30662.82,30710.94,30395.01,30610.0,2272.90482
2023-10-23T14:00:00Z,30610.0,30850.0,30592.82,30779.39,2224.42469
2023-10-23T15:00:00Z,30779.39,30970.0,30757.01,30883.33,2782.44782
2023-10-23T16:00:00Z,30883.33,31289.0,30782.59,31212.19,5979.64474
2023-10-23T17:00:00Z,31212.2,31317.22,30820.14,30979.74,4367.185
2023-10-23T18:00:00Z,30979.74,31193.26,30777.0,31168.3,5038.30873
2023-10-23T19:00:00Z,31168.3,31440.06,31078.87,31354.42,4091.94417
2023-10-23T20:00:00Z,31354.42,31826.03,31318.88,31522.88,5738.32945
2023-10-23T21:00:00Z,31522.89,31662.19,31419.42,31630.0,1762.78095
2023-10-23T22:00:00Z,31629.99,34741.91,31595.0,33315.92,17446.70835
2023-10-23T23:00:00Z,33315.91,33580.0,32500.0,33069.99,8931.36047
2023-10-24T00:00:00Z,33069.99,33760.0,32832.34,33519.01,7044.24773
2023-10-24T01:00:00Z,33519.02,34200.0,33442.6,34190.94,6322.43349
2023-10-24T02:00:00Z,34190.93,35280.0,34124.66,34569.45,12989.26352
2023-10-24T03:00:00Z,34569.45,34722.01,34033.12,34061.6,7782.27545
2023-10-24T04:00:00Z,34061.59,34545.86,34041.11,34380.7,4368.43393
2023-10-24T05:00:00Z,34383.23,34594.56,33824.35,33901.12,5018.41681
2023-10-24T06:00:00Z,33901.11,34120.0,33802.76,33975.2,4590.85894
2023-10-24T07:00:00Z,33975.2,34034.0,33706.32,33999.98,4148.74696
2023-10-24T08:00:00Z,33999.98,34229.44,33948.97,34124.68,3869.74204
2023-10-24T09:00:00Z,34124.68,34488.76,34048.04,34337.11,3674.39852
2023-10-24T10:00:00Z,34337.12,34470.79,34262.06,34447.1,2304.55814
2023-10-24T11:00:00Z,34447.1,34876.4,34410.77,34542.91,6566.20006
2023-10-24T12:00:00Z,34542.9,34835.74,34455.42,34576.39,3219.98216
2023-10-24T13:00:00Z,34576.39,34593.34,34145.48,34431.19,4255.39816
2023-10-24T14:00:00Z,34431.19,34475.0,34065.73,34424.38,3530.85032
2023-10-24T15:00:00Z,34424.38,34549.75,33200.0,33668.9,12992.03895
2023-10-24T16:00:00Z,33668.89,34386.12,33492.21,33938.92,6150.99297
2023-10-24T17:00:00Z,33938.93,34083.96,33783.02,33786.34,2442.56006
2023-10-24T18:00:00Z,33786.35,33874.73,33380.01,33854.88,3289.40825
2023-10-24T19:00:00Z,33854.87,33888.2,33669.11,33796.5,1457.90131
2023-10-24T20:00:00Z,33796.5,33970.0,33624.01,33659.52,1715.23203
2023-10-24T21:00:00Z,33659.52,34250.0,33485.1,34125.67,3183.18114
2023-10-24T22:00:00Z,34125.67,34236.4,33852.92,34155.64,2228.07833
2023-10-24T23:00:00Z,34155.65,34221.0,33726.51,33922.73,2119.82491
2023-10-25T00:00:00Z,33922.73,34036.3,33773.74,34026.32,2112.41022
2023-10-25T01:00:00Z,34026.32,34399.82,34005.64,34195.93,2869.13764
2023-10-25T02:00:00Z,34195.92,34216.69,33962.78,33999.4,1518.76919
2023-10-25T03:00:00Z,33999.4,34073.32,33921.0,33999.39,1466.12421
2023-10-25T04:00:00Z,33999.39,34204.78,33928.4,34193.55,1409.76436
2023-10-25T05:00:00Z,34193.56,34202.85,33900.5,34011.61,1477.45991
2023-10-25T06:00:00Z,34011.6,34181.52,34006.4,34121.76,1153.79854
2023-10-25T07:00:00Z,34121.76,34199.98,33679.05,33857.53,2759.39509
2023-10-25T08:00:00Z,33857.53,34027.6,33783.0,33948.54,1672.09555
2023-10-25T09:00:00Z,33948.55,34330.27,33880.0,34100.75,2314.76854
2023-10-25T10:00:00Z,34100.74,34250.0,34042.7,34241.4,1343.17321
2023-10-25T11:00:00Z,34241.41,34446.42,34170.05,34199.2,2651.4089
2023-10-25T12:00:00Z,34199.2,34435.55,34199.19,34337.01,2166.70473
2023-10-25T13:00:00Z,34337.01,34672.0,34270.0,34483.99,3662.34975
2023-10-25T14:00:00Z,34483.99,34820.0,34337.29,34769.68,4191.17927
2023-10-25T15:00:00Z,34769.68,35000.0,34638.13,34839.8,4840.76364
2023-10-25T16:00:00Z,34839.8,35132.85,34457.01,34480.71,5462.19006
2023-10-25T17:00:00Z,34480.72,34704.32,34380.85,34660.15,2157.6289
2023-10-25T18:00:00Z,34660.16,34734.82,34429.83,34661.22,1933.18457
2023-10-25T19:00:00Z,34661.22,34792.15,34547.37,34738.54,1359.04309
2023-10-25T20:00:00Z,34738.54,34850.23,34593.72,34671.17,2143.29385
2023-10-25T21:00:00Z,34671.17,34757.68,34518.05,34552.75,1321.62241
2023-10-25T22:00:00Z,34552.75,34650.0,34485.37,34606.48,1028.95067
2023-10-25T23:00:00Z,34606.47,34620.0,34250.0,34496.05,1871.80899
2023-10-26T00:00:00Z,34496.05,34696.58,34421.98,34660.0,1133.2974
2023-10-26T01:00:00Z,34660.01,34796.79,34639.08,34681.26,1474.31852
2023-10-26T02:00:00Z,34681.26,34787.92,34649.36,34746.9,878.58658
2023-10-26T03:00:00Z,34746.9,34824.13,34706.34,34793.29,1221.12575
2023-10-26T04:00:00Z,34793.29,34810.0,34663.18,34700.0,1130.62474
2023-10-26T05:00:00Z,34699.99,34700.0,34510.17,34521.06,1355.96892
2023-10-26T06:00:00Z,34521.06,34640.0,34410.02,34615.16,1729.41006
2023-10-26T07:00:00Z,34615.16,34784.61,34551.5,34647.34,2098.65673
2023-10-26T08:00:00Z,34647.35,34745.86,34499.0,34520.85,1940.94276
2023-10-26T09:00:00Z,34520.86,34585.77,34405.27,34429.23,1622.90871
2023-10-26T10:00:00Z,34429.23,34450.81,34100.64,34277.56,2720.37183
2023-10-26T11:00:00Z,34277.57,34325.86,33960.39,34102.66,2962.642
2023-10-26T12:00:00Z,34102.66,34332.99,34080.38,34258.24,2153.38995
2023-10-26T13:00:00Z,34258.25,34370.0,34166.66,34176.0,1572.70157
2023-10-26T14:00:00Z,34176.0,34337.31,33862.0,34199.64,3542.46544
2023-10-26T15:00:00Z,34199.65,34263.29,33863.24,34044.43,2872.11641
2023-10-26T16:00:00Z,34044.44,34082.0,33751.0,33773.63,2127.66631
2023-10-26T17:00:00Z,33773.64,33967.13,33751.01,33943.13,1341.3246
2023-10-26T18:00:00Z,33943.12,34088.11,33934.6,33978.62,1132.36898
2023-10-26T19:00:00Z,33978.61,34123.6,33905.24,34044.02,1448.36071
2023-10-26T20:00:00Z,34044.02,34200.0,34023.74,34183.99,1301.05965
2023-10-26T21:00:00Z,34183.99,34212.02,34079.71,34113.84,597.12408
2023-10-26T22:00:00Z,34113.83,34246.2,34113.83,34227.74,788.16091
